,Open,High,Low,Close,trade_count,vwap,Volume,Adj Close,RSI,MACD,Signal_Line,Middle_Band,Upper_Band,Lower_Band
2025-06-17 09:30:00-04:00,600.22,600.86,600.015,600.48,74.0,600.5306,6428.0,600.48,31.26159554731035,-0.02058481777794441,0.07012010935763158,602.34375,603.4045782526548,601.2829217473452
2025-06-17 09:31:00-04:00,600.52,600.78,600.46,600.635,45.0,600.6087,4037.0,600.635,35.728155339805824,-0.1473906766758546,0.02661795215093434,602.2639999999999,603.5718813734001,600.9561186265997
2025-06-17 09:32:00-04:00,600.59,600.66,600.42,600.52,36.0,600.5319,3523.0,600.52,34.261036468330715,-0.254234119667899,-0.02955246221283233,602.1679999999999,603.6864042879338,600.649595712066
2025-06-17 09:33:00-04:00,600.57,600.57,600.26,600.32,39.0,600.3534,3871.0,600.32,30.754536771728922,-0.351000530904912,-0.09384207595124827,602.0625,603.783896312828,600.341103687172
2025-06-17 09:34:00-04:00,600.31,600.44,600.28,600.43,77.0,600.3838,8781.0,600.43,33.10875842155866,-0.414039735937763,-0.15788160794855122,601.9612500000001,603.8183101420182,600.104189857982
2025-06-17 09:35:00-04:00,600.38,600.465,600.19,600.32,58.0,600.351,5757.0,600.32,28.93954410307076,-0.4674859537163911,-0.2198024771021192,601.84775,603.8170899248184,599.8784100751816
2025-06-17 09:36:00-04:00,600.24,600.36,600.2,600.2,39.0,600.2517,3265.0,600.2,26.99507389162504,-0.5136049453808482,-0.278562970757865,601.73275,603.8075143499673,599.6579856500327
2025-06-17 09:37:00-04:00,600.13,600.19,599.98,600.05,43.0,600.0627,2374.0,600.05,26.601941747571402,-0.5558508226635013,-0.33402054113899227,601.6299999999999,603.8270794016967,599.4329205983031
2025-06-17 09:38:00-04:00,600.2,600.36,600.17,600.36,31.0,600.2346,1586.0,600.36,33.56643356643336,-0.557885617427246,-0.378793556396643,601.54,603.7924372770016,599.2875627229984
2025-06-17 09:39:00-04:00,600.435,600.555,600.435,600.515,47.0,600.497,4148.0,600.515,36.0510805500981,-0.5407574866304685,-0.4111863424434081,601.449,603.7132289270714,599.1847710729285
2025-06-17 09:40:00-04:00,600.48,600.74,600.47,600.595,68.0,600.593,5082.0,600.595,26.02272727272576,-0.5147937660731259,-0.43190782716935167,601.3695,603.6365730033683,599.1024269966317
2025-06-17 09:41:00-04:00,600.665,600.78,600.44,600.44,83.0,600.7034,6275.0,600.44,19.194312796208138,-0.5009498965074499,-0.44571624103697133,601.26925,603.513281323654,599.0252186763461
2025-06-17 09:42:00-04:00,600.23,600.29,599.81,599.99,70.0,600.0796,4502.0,599.99,17.570498915400492,-0.5202921651211909,-0.4606314258538153,601.142,603.3724103947252,598.9115896052749
2025-06-17 09:43:00-04:00,600.02,600.15,599.93,600.09,33.0,600.0401,2800.0,600.09,19.825708061001848,-0.5215399007572614,-0.47281312083450455,601.0235,603.2104808562789,598.8365191437211
2025-06-17 09:44:00-04:00,600.02,600.045,599.855,599.97,58.0,599.9669,5655.0,599.97,39.05579399141616,-0.5261466463324496,-0.4834798259340936,600.92175,603.1058149576892,598.7376850423108
2025-06-17 09:45:00-04:00,599.975,600.195,599.915,600.105,39.0,599.9906,4419.0,600.105,38.52813852813885,-0.5129907159844151,-0.48938200394415793,600.83025,602.9887642922679,598.6717357077321
2025-06-17 09:46:00-04:00,600.2,600.245,600.075,600.245,72.0,600.1808,7110.0,600.245,44.11134903640286,-0.48566922393411005,-0.48863944794214836,600.70725,602.6890818884622,598.7254181115379
2025-06-17 09:47:00-04:00,600.265,600.53,600.235,600.34,43.0,600.3771,3835.0,600.34,50.44843049327313,-0.45115045695524714,-0.48114164974476814,600.57225,602.2256371939329,598.9188628060672
2025-06-17 09:48:00-04:00,600.4,600.46,600.08,600.24,80.0,600.2572,5071.0,600.24,45.72072072072232,-0.4269417311802499,-0.4703016660318645,600.43525,601.642489021551,599.228010978449
2025-06-17 09:49:00-04:00,600.17,600.34,600.065,600.235,36.0,600.2139,2522.0,600.235,47.99054373522395,-0.40350820835169543,-0.45694297449583077,600.3040000000001,600.6984162940844,599.9095837059158
2025-06-17 09:50:00-04:00,600.17,600.21,600.115,600.13,25.0,600.1555,1521.0,600.13,48.33333333333234,-0.3889262949294334,-0.4433396385825513,600.2864999999999,600.6790905894599,599.89390941054
2025-06-17 09:51:00-04:00,600.05,600.38,599.99,600.35,52.0,600.2288,6403.0,600.35,56.91244239631435,-0.35551965284719245,-0.4257756414354796,600.2722500000001,600.6307920072061,599.9137079927941
2025-06-17 09:52:00-04:00,600.43,600.9,600.42,600.74,63.0,600.7191,6197.0,600.74,58.44444444444392,-0.2941837406419836,-0.39945726127678044,600.2832500000001,600.6847245877592,599.8817754122409
2025-06-17 09:53:00-04:00,600.71,600.71,600.53,600.53,47.0,600.6058,4539.0,600.53,50.32537960954416,-0.25952815426308007,-0.3714714398740404,600.29375,600.709984691372,599.8775153086281
2025-06-17 09:54:00-04:00,600.54,600.63,600.49,600.51,48.0,600.5391,2522.0,600.51,48.10690423162512,-0.23101419736485695,-0.3433799913722037,600.29775,600.7209766437572,599.8745233562427
2025-06-17 09:55:00-04:00,600.53,600.53,600.35,600.35,31.0,600.4227,1602.0,600.35,47.999999999999396,-0.21880509498180345,-0.3184650120941237,600.29925,600.7230209813305,599.8754790186696
2025-06-17 09:56:00-04:00,600.35,600.85,600.33,600.66,40.0,600.6302,2825.0,600.66,65.87677725118377,-0.1820167088415019,-0.29117535144359935,600.3222499999999,600.7724484970264,599.8720515029735
2025-06-17 09:57:00-04:00,600.76,600.775,600.68,600.75,56.0,600.7284,4440.0,600.75,65.71428571428478,-0.14394014751962914,-0.2617283106588053,600.35725,600.8267567427254,599.8877432572747
2025-06-17 09:58:00-04:00,600.8,600.8,600.655,600.7,37.0,600.7007,3241.0,600.7,67.98029556650314,-0.11645634423314277,-0.2326739173736728,600.3742500000001,600.8681632167462,599.8803367832539
2025-06-17 09:59:00-04:00,600.7,600.75,600.7,600.75,16.0,600.7257,744.0,600.75,66.58097686375328,-0.08960770810574559,-0.20406067552008736,600.3860000000001,600.9045770027516,599.8674229972486
2025-06-17 10:00:00-04:00,601.005,601.13,600.92,600.97,52.0,601.0025,5427.0,600.97,67.901234567902,-0.050001423868025086,-0.1732488251896749,600.4047499999999,600.9792472652539,599.830252734746
2025-06-17 10:01:00-04:00,600.96,600.96,600.565,600.565,38.0,600.824,1860.0,600.565,54.81798715203492,-0.050708734805652966,-0.14874080711287052,600.411,600.9898154895496,599.8321845104502
2025-06-17 10:02:00-04:00,600.52,600.68,600.51,600.68,18.0,600.605,768.0,600.68,59.36170212765913,-0.041511229303296204,-0.12729489155095566,600.4455,601.0004196266111,599.890580373389
2025-06-17 10:03:00-04:00,600.655,600.655,600.53,600.53,33.0,600.5971,2434.0,600.53,55.911823647294305,-0.045797955997272766,-0.11099550444021909,600.4675,600.9974006882127,599.9375993117873
2025-06-17 10:04:00-04:00,600.6,600.6,600.42,600.485,21.0,600.5378,2077.0,600.485,57.28952772074044,-0.052224332113723904,-0.09924126997492005,600.49325,600.9686033338497,600.0178966661502
2025-06-17 10:05:00-04:00,600.495,600.695,600.41,600.69,25.0,600.5311,2693.0,600.69,57.02479338843119,-0.04031081673940662,-0.08745517932781736,600.5225,600.9683404274416,600.0766595725585
2025-06-17 10:06:00-04:00,600.69,600.81,600.655,600.81,60.0,600.7155,3228.0,600.81,51.627906976742985,-0.020944833847806876,-0.07415311023181527,600.55075,600.9941492526718,600.1073507473282
2025-06-17 10:07:00-04:00,600.87,600.93,600.83,600.835,42.0,600.8881,2362.0,600.835,57.7608142493667,-0.0035390656695426514,-0.06003030131936075,600.5755,601.0245914833638,600.1264085166363
2025-06-17 10:08:00-04:00,600.93,600.93,600.91,600.92,14.0,600.9225,472.0,600.92,60.09852216748874,0.01691889020423787,-0.04464046301464103,600.6095,601.0545889945441,600.1644110054559
2025-06-17 10:09:00-04:00,600.92,601.15,600.92,601.15,17.0,601.0115,722.0,601.15,69.04761904762086,0.05110197369265279,-0.025491975673182267,600.65525,601.1256414969857,600.1848585030143
2025-06-17 10:10:00-04:00,601.24,601.24,601.08,601.12,39.0,601.1597,2392.0,601.12,62.637362637365655,0.07490807074270833,-0.005411966390004146,600.70475,601.1501058629356,600.2593941370644
2025-06-17 10:11:00-04:00,601.13,601.27,601.13,601.27,18.0,601.2086,744.0,601.27,63.82978723404461,0.10467173001859464,0.016604772891715615,600.7507499999999,601.2305446407438,600.270955359256
2025-06-17 10:12:00-04:00,601.41,601.505,601.36,601.505,58.0,601.4236,3488.0,601.505,69.49152542373031,0.14554443480710688,0.04239270527479387,600.789,601.3753320439058,600.2026679560942
2025-06-17 10:13:00-04:00,601.56,601.56,601.365,601.43,35.0,601.4292,3282.0,601.43,66.26794258373238,0.16992567719341878,0.06789929965851885,600.834,601.4724652671002,600.1955347328997
2025-06-17 10:14:00-04:00,601.42,601.63,601.42,601.525,29.0,601.5256,1758.0,601.525,64.12213740458029,0.1946696627987876,0.0932533722865726,600.88475,601.5741087809528,600.1953912190473
2025-06-17 10:15:00-04:00,601.52,601.575,601.42,601.42,45.0,601.4532,5267.0,601.42,75.67567567567512,0.20346145023540885,0.11529498787633986,600.9382499999999,601.6188942400496,600.2576057599503
2025-06-17 10:16:00-04:00,601.465,601.485,601.4,601.4,23.0,601.4526,705.0,601.4,72.92993630573429,0.20643551218461198,0.1335230927379943,600.9752500000001,601.6724585336617,600.2780414663384
2025-06-17 10:17:00-04:00,601.46,601.535,601.36,601.38,28.0,601.4259,1929.0,601.38,79.51388888889089,0.20481763465545555,0.14778200112148654,601.00675,601.7178964076387,600.2956035923613
2025-06-17 10:18:00-04:00,601.35,601.42,601.14,601.16,47.0,601.3125,4531.0,601.16,70.89783281733594,0.18366610514215154,0.15495882192561955,601.0297499999999,601.7287754512679,600.330724548732
2025-06-17 10:19:00-04:00,601.085,601.27,601.075,601.27,35.0,601.1347,2044.0,601.27,69.07894736841888,0.17377626173265526,0.15872230988702668,601.05575,601.7496275505857,600.3618724494142
2025-06-17 10:20:00-04:00,601.22,601.38,601.22,601.355,24.0,601.3025,858.0,601.355,68.35016835016923,0.17082807944063916,0.1611434637977492,601.075,601.7801315684982,600.3698684315019
2025-06-17 10:21:00-04:00,601.38,601.38,601.28,601.38,27.0,601.3129,1641.0,601.38,68.3501683501668,0.1685657932638378,0.1626279296909669,601.11575,601.7903202354687,600.4411797645314
2025-06-17 10:22:00-04:00,601.3,601.315,601.27,601.27,17.0,601.3014,2713.0,601.27,61.58940397350988,0.15609744035305084,0.1613218318233837,601.1452499999999,601.7905526645679,600.4999473354319
2025-06-17 10:23:00-04:00,601.255,601.375,601.25,601.36,31.0,601.2732,3385.0,601.36,57.664233576643,0.15172938675789283,0.15940334281028554,601.1867500000001,601.7691432045376,600.6043567954625
2025-06-17 10:24:00-04:00,601.31,601.31,601.01,601.01,16.0,601.1483,379.0,601.01,46.74556213017743,0.11865778480444078,0.1512542312091166,601.213,601.7020635546462,600.7239364453537
2025-06-17 10:25:00-04:00,601.115,601.15,601.085,601.15,30.0,601.115,1653.0,601.15,46.42857142857167,0.12827425462080555,0.17894840109286816,601.236,601.6605071445694,600.8114928554306
2025-06-17 10:26:00-04:00,601.185,601.195,601.09,601.115,38.0,601.1423,3742.0,601.115,36.82432432432596,0.10981327308934397,0.16512137549216332,601.25125,601.6308602571972,600.8716397428028
2025-06-17 10:27:00-04:00,601.09,601.17,601.045,601.15,31.0,601.0927,2788.0,601.15,40.27777777777909,0.09689013060062734,0.15147512651385614,601.267,601.5967590827142,600.9372409172859
2025-06-17 10:28:00-04:00,601.21,601.21,601.17,601.17,21.0,601.1867,440.0,601.17,36.99633699633642,0.08725644197727433,0.13863138960653978,601.2795,601.5705579613118,600.9884420386882
2025-06-17 10:29:00-04:00,601.185,601.185,601.12,601.175,43.0,601.1467,1455.0,601.175,40.31620553359655,0.07911316522711331,0.12672774473065448,601.28075,601.569673136748,600.9918268632521
2025-06-17 10:30:00-04:00,601.19,601.3,601.19,601.27,19.0,601.2663,983.0,601.27,45.14925373134357,0.07940987814095024,0.11726417141271364,601.28825,601.5672194380561,601.0092805619438
2025-06-17 10:32:00-04:00,601.26,601.26,601.26,601.26,26.0,601.26,1094.0,601.26,51.45299145299199,-0.0023034177795580035,0.012656456154109815,601.11525,601.4244676035036,600.8060323964963
2025-06-17 10:33:00-04:00,601.22,601.27,601.17,601.17,29.0,601.247222,1157.0,601.17,57.142857142857146,-0.011376959080507731,-0.0205322301438043,601.00125,601.3109506194452,600.6915493805549
2025-06-17 10:34:00-04:00,601.125,601.165,601.115,601.115,28.0,601.134934,703.0,601.115,53.592233009709986,-0.0023157273213882945,-0.016888929579321102,601.00125,601.3109506194452,600.6915493805549
2025-06-17 10:35:00-04:00,600.96,600.96,600.71,600.79,37.0,600.853356,1812.0,600.79,42.857142857142854,-0.021116007540626924,-0.017734345171582268,601.00125,601.3109506194452,600.6915493805549
2025-06-17 10:36:00-04:00,600.875,600.99,600.875,600.93,33.0,600.954651,2242.0,600.93,46.63023679417015,-0.02443684238426158,-0.019074844614118132,601.00125,601.3109506194452,600.6915493805549
